一年期意外险	《一年期意外保险适用条款》
平安行·全球旅游保险（境外）	《全球旅游保险（境外）适用条款》
平安e生保	《平安e生保适用条款》
团体短期综合意外险	《团体短期综合意外险适用条款》
企业团体综合意外险	《企业团体意外险适用条款》
团体国内旅游保险	《平安团体国内旅游保险适用条款》
短期综合意外险	《短期综合意外险适用条款》
平安个人意外伤害险	《平安个人意外伤害险适用条款》
团体境外旅游意外险	《团体境外旅游意外险适用条款》
平安行·国内自助游保险	《旅行意外险适用条款》
团体交通意外险	《团体交通意外险适用条款》
雇主责任险	《雇主责任险适用条款》
儿童综合医疗保险	《儿童综合医疗保险适用条款》
平安行·欧洲签证旅游保险	《欧洲签证旅游保险（境外）适用条款》
家庭财产保险	《家庭财产保险适用条款》
全球交通意外保险	《平安全球交通意外保险适用条款》
中老年人综合医疗保险	《中老年人综合医疗保险适用条款》
平安行·自驾旅游保险	《平安自驾旅游保险适用条款》
平安行·高端内美澳非旅游保险	《平安高端美澳非旅游保险适用条款》
职场综合医疗保险	《平安职场综合医疗保险适用条款》
平安行·境内节假日旅游保险	《平安一路境内节假日旅游保险适用条款》
平安行·境外留学保险	《平安境外留学险适用条款》
平安道路交通意外保险	《平安道路交通意外保险适用条款》
女性关爱保险	女性关爱保险适用条款
儿童重大疾病保险	《平安儿童重大疾病保险适用条款》
航空意外险	《航空意外险适用条款》
驾驶人意外险	《平安驾驶人意外险适用条款》
平安行·高原旅游保险	国内旅游-高原旅游险
银行卡安全保险	《银行卡安全保险适用条款》
平安手机碎屏险（苹果版）	《平安手机碎屏险适用条款》
平安行·宝岛台湾旅游险	《宝岛台湾旅游险适用条款》
平安手机碎屏险(安卓版)	《平安手机碎屏险（安卓版）适用条款》
少儿综合保险	《平安少儿综合保险适用条款》
平安行·境外工作保险	《境外工作保险适用条款》
成人重大疾病保险	《成人重大疾病保险适用条款》
平安行·美国加拿大旅游保险	《美国加拿大旅游保险适用条款》
少儿重大疾病保险	少儿重大疾病保险适用条款
旅行健康保险	旅行健康保险适用条款
住院医疗保险	住院医疗保险适用条款
一年期重大疾病保险	《平安一年期重大疾病保险适用条款》
家庭保(共用保额)	平安家庭保综合意外保险适用条款
家庭出行综合保险	《家庭出行综合保险（原驾乘险）条款》
出租无忧家居保险	《出租无忧家居保险适用条款》
平安行·港澳旅游保险	《境外旅游保险-港澳地区适用条款》
